FBE8F50A-1E71-3AFA-12C8-95CB3F224547;0;6;FALSE
D10E33FD-3D71-8174-2937-3A91E5B76924;2;11;FALSE
B8625C44-130B-533F-03F6-468D9E5F0732;4;16;FALSE
A74BE191-8368-45D5-0496-B83918CA94A3;6;17;FALSE
10FDE282-8510-38A7-6C7C-839FE3233F3E;8;18;FALSE
1E35D0D9-33DE-8920-84A9-86ED03736F92;10;27;FALSE
657A1314-9E81-276F-9515-7CC511268243;12;32;FALSE
569F605D-691B-2491-1E25-9A95C4A49858;14;37;FALSE
2F4EB0E8-13E4-9563-97FD-866B11999E7B;16;38;FALSE
D67AA2F3-4889-5C37-0531-2643FBC38FB8;18;45;FALSE
3FF3F69F-0BD8-28FF-0274-BE9036812220;20;51;FALSE
7E8300D1-2FE3-4DE2-A229-7FF4C16E437E;22;56;FALSE
7AC1ED0E-1323-16EF-4D94-B3D2F3EE993A;24;56;FALSE
F14275D4-198D-7F52-1D23-66E6ECAC11D5;26;57;FALSE
5445BA97-6A31-2EDF-4F2B-5C3E74116465;28;61;FALSE
78734E57-6C6B-27B4-7128-48F4B28626C5;30;66;FALSE
778B0E7F-5929-4067-9EE7-5F0DB4070A3E;32;70;FALSE
F38EB866-8199-0D98-956F-8DE904B83311;34;75;FALSE
2ABF5C02-7981-4C63-A612-5A60915A94CF;36;78;FALSE
9C937EC0-A2DD-7216-48D8-27AFF6F145D5;38;78;FALSE
94C56EB7-A116-28C3-9EAE-3D8CFF2A8CB6;40;81;FALSE
C9C5CC49-3E9B-7AB0-8C99-922B61BB8FE5;42;86;FALSE
7886B2E6-27F9-18F7-8EE1-442E7A5EA11B;44;94;FALSE
BA16915F-32C9-1335-612D-6B790AEF4994;46;94;FALSE
9E3FAC9A-4947-1150-3E00-830F6A7F404B;48;99;FALSE
FD34978E-43A1-8F55-64A0-3CDA022940E7;50;105;FALSE
0968101C-8B05-24FC-A683-2D86CE351CC5;52;110;FALSE
D2CE2AF3-5B57-374A-9C58-9D347C293B6B;54;114;FALSE
DFF5BC71-5969-0002-8297-B61D4F02836A;56;123;FALSE
6F7D8938-1E60-8F1D-2C7D-49FAF00370CD;58;128;FALSE
83499E33-5F63-19BA-09EB-B34B6F858666;60;134;FALSE
483F842A-3829-12ED-59EB-5091CC87641E;62;134;FALSE
54FC662F-2615-6DA2-1146-9C1705C3651E;64;135;FALSE
3F1A9BD4-59E5-60AB-63DD-2EE479815D5C;66;144;FALSE
BDBE1EEF-495D-4384-61C9-C6FB500A37C5;68;148;FALSE
D7057D57-3F6B-9148-1056-B85493524ADA;70;155;FALSE
D73FE012-5EA9-6463-5E2B-CC4A29A25520;72;159;FALSE
A89456C6-8C63-51A4-8A85-2EBE315B4817;74;163;FALSE
05EDAACC-4FC1-6CB6-8F31-3AD7C20C1245;76;163;FALSE
D2EDF89B-6FA8-6EFC-8CFF-8051E38E8ACA;78;171;FALSE
68D3A731-2AE4-5D47-5616-A91B8360391A;80;179;FALSE
60475CAD-8BB3-251C-46F5-2545DDA91AFB;82;179;FALSE
BB859903-39B9-4EBA-4FED-5CDBBEA489AB;84;182;FALSE
6AAB110D-86B0-1D05-0490-31E91E745A2A;86;182;FALSE
9DAB55D8-378C-7968-2D57-EFE094853501;88;184;FALSE
AD593C28-2594-72BE-641A-7730A5741BF2;90;184;FALSE
407B687A-324B-62EE-5D48-F4330A279514;92;188;FALSE
51382E1C-6ABE-379A-35F3-5086523C730D;94;193;FALSE
5D28AB01-5329-2699-32B6-40F5FA353423;96;199;FALSE
E01D77AE-300F-4B27-7941-6A9FBA953E4C;98;201;FALSE
BB8E55C2-901D-4E1E-A534-7AC2C4447E4E;100;203;FALSE
14CB7027-A46B-43E6-56CE-CA5292A179EC;102;203;FALSE
ADE26601-5A5F-0E51-A4CE-62DC847E527D;104;203;FALSE
45998B09-8D17-69CE-1620-5FEDD15C9FFE;106;212;FALSE
CFD4EC54-778B-03A3-4890-1E2271A474CB;108;221;FALSE
37C66266-6234-84BC-0D63-665272B90027;110;223;FALSE
0BE134E4-4D03-1B02-3D0B-E4C651EA05BC;112;224;FALSE
3B2841ED-2178-457A-9BC5-797C1B0A092C;114;229;FALSE
A334D461-7CA8-495C-A60C-CCB8C09D88B4;116;233;FALSE
2D307C7D-7620-05A5-15CE-C053D8F18FC9;118;237;FALSE
91186B1E-8555-28A3-4FD1-9A26C27B8B8E;120;243;FALSE
5DC64A66-23AF-7EBF-0C8E-4D704DC8948B;122;249;FALSE
1AAE3522-1EF7-1252-96D9-41716A112328;124;249;FALSE
761EFE5D-4AC1-5AF8-56BC-7DCF01897A68;126;253;FALSE
E510DBF9-2870-8CD7-5F1C-7407E65A5444;128;255;FALSE
15BFB4EA-61CE-8430-4D26-8ED1B55086A2;130;260;FALSE
BC454757-466B-43FC-5C90-376B586644D6;132;266;FALSE
6465FFE0-52A6-5FC3-0559-8E6DB1027F8B;134;270;FALSE
36125429-2A1C-7853-0290-067E2C210D12;136;271;FALSE
691BD711-2E45-5ED6-8AC8-2264DEA09411;138;273;FALSE
97CC3808-5799-693A-1538-0B3049ED1C6F;140;282;FALSE
AFFDEEA0-386E-5CC1-1E15-D26980346ACC;142;283;FALSE
6576BE44-12BE-6F4C-A55D-C259346F383F;144;291;FALSE
C7E798F7-17CA-06E4-9610-A56D13C10339;146;291;FALSE
BCB35DE4-7375-55DB-7E76-E2F1532F01FD;148;291;FALSE
821E3932-14DC-9445-6465-E4B90E8021B2;150;300;FALSE
CFD0E7EC-23C9-3491-40D5-B4CA24617A51;152;302;FALSE
0D9E42E7-3F32-8EFC-4001-F6A5049929F3;154;303;FALSE
FD4D3A18-6182-2B72-14F0-AC9134DD0608;156;308;FALSE
D49C6EED-8320-13B9-43D3-73B9A7B3220E;158;313;FALSE
A0ADB4A7-80B4-0B63-19EF-CDB9135660AA;160;321;FALSE
AF0ED8EC-00FE-7E9D-5087-F6FD9A1B350F;162;322;FALSE
6209E911-13D8-1906-7478-F6D60A783A49;164;324;FALSE
AB483CEE-2141-7449-7017-598938F242A0;166;328;FALSE
DC9ACC21-8725-4BB4-5805-5D5AFDFC3E7C;168;330;FALSE
C026FAA5-32DE-69F1-3A6A-BBF947D23F06;170;336;FALSE
65331A01-1F2B-3EDD-5D23-83DACA263C4B;172;340;FALSE
296B1418-5C5D-7891-51F5-817429408A2E;174;346;FALSE
13BFE20A-1640-7EB7-771A-E75353A41DE2;176;355;FALSE
607FDD36-2ED0-324D-160F-976D91EC3A74;178;357;FALSE
2C060983-8B80-4EB0-757C-88EDD3777B1F;180;362;FALSE
9C1C630B-9848-0A96-91E1-EA9854143FD3;182;364;FALSE
6BF4913D-8DDE-9D6F-5F60-4F14801C4A5C;184;373;FALSE
5682F731-0CD8-13FA-A01A-92673C1B5BF1;186;375;FALSE
927F241E-1EA6-0FDA-636D-7DF9EDFB0740;188;376;FALSE
F1D99020-343D-6D91-49CE-28046F673252;190;377;FALSE
856D51B4-48B4-4BE8-1A13-6894CA7284E3;192;382;FALSE
CF5AE29F-1449-10B1-6FA5-AFA2B6F50D3B;194;386;FALSE
9945C522-47FA-5D54-00AC-AE83174B6F70;196;390;FALSE
DB15C85B-5C08-2E3B-74E5-383677AB22EC;198;396;FALSE
83F09948-21D8-7427-8B1E-0D8049DE508F;200;397;FALSE
E7F3CA39-71BB-3B54-8C4F-54E59433729E;202;405;FALSE
E442D3F2-2D3E-9DBB-A1EA-46F1632E250A;204;410;FALSE
38875B5C-5FB3-3F0D-6390-FC93911B0A1C;206;414;FALSE
40360CE6-350B-4D36-1EC2-554E535C60CC;208;415;FALSE
04698731-6F37-2748-7F20-8E1C85CC9A47;210;421;FALSE
17BF681F-9FF0-6156-6A44-069505431790;212;430;FALSE
0DE35896-3EE8-4028-710B-AEF592D3519E;214;434;FALSE
2AF18F22-9CFF-392B-03A9-3BAA935D7904;216;434;FALSE
0C86884C-51E2-20B8-215A-5DDA036231BE;218;434;FALSE
D50ACF3D-3E6C-09F7-5A58-685BB11E1EC9;220;438;FALSE
818676CB-9BDD-51A8-696D-911A83E54F3B;222;442;FALSE
4AFC3C65-4AB1-9BB8-6066-DD277BEA07EE;224;444;FALSE
16DCF929-6E00-67B6-4CFF-2F2E8A1A7A88;226;450;FALSE
8A68A447-A60C-4274-02E1-C945F9937409;228;458;FALSE
AF79AD8C-27DF-8016-1B83-A7ADDCB797C8;230;459;FALSE
1569415D-2FBD-04AF-0F25-40D4C2CF3DC0;232;465;FALSE
54D1904A-1B04-8BDA-6F8C-FEF8C9EF7150;234;469;FALSE
25AA721E-629B-401C-324E-A2005EFB846E;236;470;FALSE
D5CF314B-5728-5740-60BE-BB4C8AF0381E;238;471;FALSE
DF0766DC-26FA-7B7C-6BE5-E295EA81A7C4;240;473;FALSE
BBA97F7A-99FA-16A6-6A4F-AE741ADCA2F4;242;476;FALSE
D5367307-967D-0478-8C79-5F2478E6495F;244;476;FALSE
69FA89EE-47EF-503C-7C44-114910738DF0;246;483;FALSE
34FCF45B-7CE4-9AAA-5D53-C53C25B731FD;248;489;FALSE
AA781981-1693-7505-7665-7DE5BAC12540;250;490;FALSE
A64F01EE-632A-1162-681A-36C1F45D2CE1;252;499;FALSE
1F4EE056-9E1C-8642-012D-2AC9DC07186B;254;500;FALSE
A73138D6-6117-41B6-8857-983909FF2D6F;256;500;FALSE
FB60F8F5-7CA3-467C-09C0-7A697B0A0C12;258;507;FALSE
6B26FAF7-404A-60DE-799D-AC1DCF313FFB;260;507;FALSE
2E28F262-2729-7246-4962-44E6806F97DA;262;515;FALSE
36164F68-57D1-3940-61DD-017637107953;264;519;FALSE
2ED94AD1-14B1-18DA-3774-BB799E159DA9;266;528;FALSE
BF25039F-44AD-1E7D-367A-10C57257995A;268;536;FALSE
6E2B46B6-5FA4-4C58-2617-F28804F69966;270;540;FALSE
AFEFA53A-794D-53B9-071B-AE0EF14D491C;272;547;FALSE
B0D6D080-2FDF-8283-8B36-BB573D9446EA;274;548;FALSE
A311585C-0BC6-8CE6-2A78-1145F3A6682E;276;554;FALSE
85A9FA5F-8583-6F26-1FCB-FB8258226871;278;557;FALSE
32BAACDF-87CA-657A-2C9D-6E160592655C;280;563;FALSE
790F6A4B-4C0C-11BF-47DA-0646FD527677;282;570;FALSE
FF0B70D0-9C57-2534-307C-97F1FABC76B0;284;578;FALSE
561E7569-9731-801A-34DD-62012E098B75;286;579;FALSE
8A286BDB-205D-9CC2-0BDA-64446F6F362A;288;580;FALSE
08C8983A-3890-8977-80DA-58B2B3C40204;290;585;FALSE
01C27B1A-3577-70BA-6A64-B3DF76E47534;292;586;FALSE
ACDF362E-8C17-4250-30F8-1A86D6D688F8;294;593;FALSE
F39C20E8-06CD-2281-88EE-50BFBD5C66E3;296;601;FALSE
77B62A1F-1A1B-548C-A3A1-F2101DB494BA;298;609;FALSE
B8853767-0EFF-30FA-8DDC-6F2368AE46C8;300;611;FALSE
EDD03443-9438-376A-95D4-BC00D6A2527A;302;619;FALSE
8452236D-7903-8F9D-7488-F5C566612125;304;620;FALSE
D03982A6-9B3B-7A2A-46C0-96DB3A1479E1;306;620;FALSE
6E8DA5FC-93FD-577D-32C9-C4CAAC278F76;308;627;FALSE
901DD5EB-3797-5ED5-6DBF-39E44F5838A3;310;632;FALSE
F970256B-7627-7EB8-7D1F-196AC0586F7A;312;637;FALSE
4D455DB7-26EC-2C3D-A67F-5AB19B4C2AE2;314;640;FALSE
9AECB6A2-738C-603C-9111-0F8EA3302924;316;648;FALSE
4ADD254A-669A-2429-8248-948F08F93AFB;318;655;FALSE
8440F318-5DD9-810B-471D-87CC3A197059;320;656;FALSE
5747ADD2-6BD4-6FF8-7E44-F1FC550F745A;322;656;FALSE
D6CC3C9B-31D7-2789-4C18-807E35612542;324;660;FALSE
FFC9BC60-51FD-2EAB-6284-FE1BF8446721;326;668;FALSE
31AC55DC-2479-372C-1A8D-9639F004281E;328;677;FALSE
C2425A06-11CB-862D-1F28-CE4424430E66;330;684;FALSE
EDF96ECD-639E-396F-42EC-962623918D2C;332;691;FALSE
718CF67D-2500-830F-1B32-CED940C834E5;334;699;FALSE
1B0F0A6B-9122-A623-3110-EE84BA6A4159;336;699;FALSE
D7DD979B-1095-96BF-0823-7F91F19A20C3;338;700;FALSE
27A81964-6537-A4E5-5322-EA1EA7596B8D;340;709;FALSE
33C6F41F-0A82-47C1-8C6D-C9C5A6C90A24;342;712;FALSE
B57B43E8-252B-74D0-0729-7601CF8668FC;344;720;FALSE
73A60E93-639C-20DD-6CA3-1E98816F6F63;346;720;FALSE
35A5024C-162F-1600-7BAF-FC224EBB9504;348;729;FALSE
79B3B1D2-7D3F-2AC2-164C-D8637065103E;350;731;FALSE
25739ED8-6218-8036-5300-B47862BF26A9;352;736;FALSE
1ADD1C22-838E-7855-4E1A-8D4300E786FF;354;740;FALSE
32F11ECB-7B06-1E45-5E31-3AAC6E7F3715;356;748;FALSE
62F4D7F1-700D-25F5-52AA-BA556A772356;358;754;FALSE
3F1F1F5F-951E-4626-8E96-CBFD39DEA100;360;760;FALSE
CE91DAAF-99FB-6F5C-7118-9268D92A1016;362;761;FALSE
E361FDD4-8E59-3A60-2F40-D9EB046F1101;364;765;FALSE
A936B5F4-837E-37B4-0B0F-C2A5C1C9437C;366;773;FALSE
AF006AFE-61D7-9D48-73FB-4990505E9D07;368;778;FALSE
85EAAD6B-9054-2D1B-09C9-910CCC329F75;370;781;FALSE
CCD21E10-156F-2555-87CC-686088363E1F;372;790;FALSE
673E781B-624B-5F41-3B03-6F1E1AA642C8;374;799;FALSE
E69E5E0D-38C8-8926-2E37-DDCBDBFE5F9B;376;806;FALSE
B5FD46CD-7EA7-7F10-1DAC-24F730D82E43;378;810;FALSE
43AB5F8E-8D8B-95F6-5C22-990287889CF7;380;816;FALSE
D488E092-8DE6-5EF0-1B92-297171CD45FC;382;816;FALSE
19867973-276B-997B-1B15-4717F3AC817A;384;820;FALSE
490C671A-653B-42AF-02A7-6A2F17AE61EA;386;821;FALSE
FC18D22B-74D6-3217-97FF-0BBE25F45961;388;829;FALSE
F32A710D-999F-82D3-4DE6-457FF0B436CC;390;835;FALSE
A6DA0394-87BA-8822-7EB8-54B2C6DB4945;392;842;FALSE
3246AA87-2B1D-9115-1E1E-9AA052382C6E;394;849;FALSE
70932D6B-7A81-0E91-09E4-32546D0122AC;396;853;FALSE
E3BF9E56-0A1F-80F9-7B23-66E3E75688E8;398;859;FALSE
D249ADE3-2F1F-4400-61FC-D673BEEF4EE7;400;864;FALSE
1C663A52-3C78-94D1-9742-322B876B3960;402;866;FALSE
A433D826-4578-4641-9735-990079BE45BE;404;873;FALSE
32DBFC25-9E32-1866-4FBD-334E3F7200BB;406;876;FALSE
D651CA1C-2C01-951E-091C-084874EB7F10;408;878;FALSE
0B2A7245-64FF-794C-0975-81A3BE1F9BE4;410;881;FALSE
ABF900D3-4F5C-141B-7862-0A6C72C58743;412;885;FALSE
4733428B-A0A8-0094-9F4B-0307E4D9386A;414;894;FALSE
93F586F7-94F8-5070-260D-6AA632C98675;416;895;FALSE
F6AB025F-0ADE-A412-7482-C0B00F615280;418;901;FALSE
C70D9FE7-5D0E-95AF-8885-E55760750F61;420;901;FALSE
C4A91C48-58B5-09E1-A3F2-28A587687693;422;908;FALSE
1462A4EB-5C75-A505-393D-E7865BFF42EB;424;912;FALSE
C5202759-9305-7728-10D4-96FCE88F8951;426;915;FALSE
2EB9CF37-A301-A516-A160-320DD208A560;428;923;FALSE
8F837726-774B-8B7D-27FE-976A7A2661EB;430;927;FALSE
84A19C17-1A46-2ADC-32F2-9DCB185C7203;432;931;FALSE
75394D04-95EC-360B-3A74-89ED3DCC2F2C;434;935;FALSE
671BFB48-8D23-218F-A36B-E375A229808A;436;935;FALSE
C6DDDA6E-9072-33CF-9BAE-F37B19859D2F;438;937;FALSE
8CD87707-99C3-3A3E-7C18-82F6D9B21D24;440;943;FALSE
1B13C418-2905-202D-3550-DB59C51668F9;442;947;FALSE
0F7E607A-524C-A0AE-7F3C-FC5BB92474FB;444;954;FALSE
77C9EDF9-062D-5019-A62E-487461C28142;446;956;FALSE
7F08C5BE-80A0-4D02-6840-F71C345A8837;448;961;FALSE
29A0031D-226D-983F-8901-AA7DE9D03342;450;968;FALSE
5ACC4C57-106F-49AD-2750-ACDE5DA71012;452;973;FALSE
EE10E030-57D8-439E-3F56-4C8285454E66;454;977;FALSE
BB27A731-26BF-0AAE-77FF-0BAE41094E02;456;986;FALSE
7CF9C00A-A29D-7ECE-4EB8-82DDD7EA8878;458;993;FALSE
B87AC350-0E39-6565-5AA3-DD5670B0872D;460;997;FALSE
C07D61C0-7F3D-32E1-5457-F8867C9B3D70;462;1002;FALSE
0EB10856-88DA-6F12-60CA-762664886EE9;464;1011;FALSE
1E1FDA0C-46F6-442B-408A-5536677F7042;466;1013;FALSE
BDAC58B3-67AD-4749-81C8-845404D78938;468;1021;FALSE
5E464B84-05FE-1B68-3837-200835FE6AA1;470;1023;FALSE
E60A15FE-7A68-3DFB-1771-EC7E634A4484;472;1029;FALSE
E88AA886-204F-8AE4-684F-0E6EFC660706;474;1037;FALSE
99D5D3EE-9305-3841-24B2-51CFD08A2D39;476;1044;FALSE
25F4B022-4AA5-59F9-4BAD-63C1836B8EB1;478;1049;FALSE
2A444DAD-2EBA-24C6-8019-49C2D14B8399;480;1058;FALSE
F20BCBE1-183C-2517-4D0D-4C3383FD0D5F;482;1063;FALSE
9CF987B0-99A6-3739-48B1-F0D95DB90738;484;1069;FALSE
AC125883-36FD-3B2B-03D8-2112DB850B47;486;1070;FALSE
F279C0D4-574E-9098-1412-30E6176127E6;488;1072;FALSE
B43A31EA-1A60-23A5-258B-D89827A37915;490;1080;FALSE
A3871F6B-63B7-36DA-5D29-2EA9FA653FDD;492;1080;FALSE
A5D4E812-7F45-53BB-0352-F77D8EBA94AC;494;1088;FALSE
AE83425B-5B1A-8F45-4F4E-903A4C6F072E;496;1093;FALSE
6B7F9A63-1F94-8756-8E3D-A5DC69074B49;498;1095;FALSE
9982A1E8-52F1-3E7E-7A72-92580FF24891;500;1104;FALSE
2335FFC3-353A-2D67-4D27-9DBF67AC2CFD;502;1109;FALSE
75062BBD-9E65-2BE4-17A9-B18FD872614B;504;1115;FALSE
2028E7CF-1111-A2F4-9375-46F1CAD78CC4;506;1115;FALSE
2E6E22A0-72B7-4D04-2390-CF896E064BAF;508;1121;FALSE
D8EBEBA7-5082-57F5-A0DB-1068AF712CCC;510;1124;FALSE
4ABC6814-644A-6237-9953-5DD6DA740FEB;512;1124;FALSE
F1EC308F-5584-05B7-18AE-B80D3D434281;514;1129;FALSE
C18B934A-29E6-495C-1C83-7CE24041228A;516;1131;FALSE
41EA63B9-57B3-7388-2D18-3E1202F344B1;518;1132;FALSE
59EFC73E-17D5-1737-6F69-7995C0D824AE;520;1133;FALSE
AF9B2451-29CC-7958-1DC6-516BC0B6179D;522;1142;FALSE
16543C2E-9E00-4AAE-51E7-6944F8724AA4;524;1151;FALSE
90A1FA1A-5BDA-015D-2EE1-7098D73B43B1;526;1158;FALSE
DAC4869E-500B-9436-86D2-B4E2E4B9398C;528;1162;FALSE
B75A6671-5D0B-0D69-2EED-BA6A61528D25;530;1167;FALSE
90D0F24E-59E9-5F84-6FCE-CC5BB59D3F6C;532;1172;FALSE
80F4961E-5E1B-8A90-A760-73B1BCAC4147;534;1181;FALSE
CEB5CCAA-48D4-4828-0FCD-31ABA8922461;536;1181;FALSE
292DFD87-93E8-7794-8E2E-3DB0D6C47BD2;538;1181;FALSE
184A0303-7D86-7436-1E6D-025DFE9A4C31;540;1187;FALSE
E220C56F-88E5-9371-2E92-CFC5FC3192E9;542;1193;FALSE
89789CB3-2AB8-8D15-35CD-38C4035B2DE4;544;1197;FALSE
5BBDD268-6747-7362-97D9-080833E96431;546;1199;FALSE
F6B5CC1E-65CC-4553-449F-8268BE2C316D;548;1204;FALSE
FD9CFABA-3A94-3CCD-9C00-8DE3323F255B;550;1210;FALSE
B73F951C-11DA-1200-7172-4C3137AA8D5F;552;1213;FALSE
B2E6B7FC-59C1-0C7E-1499-2951376C1168;554;1220;FALSE
44D5E658-205D-467C-8CF7-36F5A23114F8;556;1224;FALSE
98E87C4B-6193-0867-9BBF-551A0DB95CAA;558;1233;FALSE
7A274DC9-3AE9-8046-6719-316AC8390C3D;560;1237;FALSE
BCF803A6-28DE-7E76-656C-88E3D3750CC0;562;1237;FALSE
9F3E6D1D-9D83-A20A-4368-347C30F67BB0;564;1243;FALSE
E96A11AA-3FCE-4A49-2ADE-2A6F5FED1B25;566;1244;FALSE
923CEFFE-2F19-8D93-1062-984AA2CB829E;568;1245;FALSE
317B765A-8B79-0581-0536-CA3B15D67E37;570;1251;FALSE
9CDDA0C3-8422-3EC1-77E5-E9ABA2301DCF;572;1254;FALSE
3E52E1DE-4D06-92B4-39BC-6634909A5F58;574;1254;FALSE
95B049DF-1A84-135F-3E1D-D1F088163DA6;576;1263;FALSE
BB6CC1DD-9677-21F3-2F83-B831796479B7;578;1266;FALSE
08917D98-2C5C-5105-7205-85D6417A1061;580;1274;FALSE
8C5766B1-52D9-12F3-4D0D-B1EBE69F0E1C;582;1274;FALSE
867E7F5A-2EAF-7727-0143-F813016C8C22;584;1280;FALSE
53642257-5511-200E-172E-815529263360;586;1287;FALSE
8D16A3C6-0315-7660-8000-74B5F3439BF1;588;1296;FALSE
81C26142-6F51-4A22-7035-D6A217599641;590;1305;FALSE
D87B9D29-0C51-1779-295B-56519EC37D46;592;1310;FALSE
1753901D-76DC-7AC0-4F86-1AB8F04D4A87;594;1315;FALSE
2594E5B7-A3EB-8E97-9B45-3269AFB472C5;596;1324;FALSE
53411E71-46B9-49F5-6C70-B0FC5104533C;598;1330;FALSE
3A9056E3-24A5-0A29-60CC-6E7261118CD2;600;1339;FALSE
51E05D2A-8464-986B-3800-8D140F484C0F;602;1343;FALSE
C8F77342-1976-6134-88E2-4A8D832B7F75;604;1352;FALSE
3E1EB8F4-88D7-1319-10CE-82068FA1A29A;606;1355;FALSE
31E47952-5204-9A3F-A6A8-C0BE3A3D597E;608;1356;FALSE
9A16AC0D-3B70-5CE4-1B3F-18D1BC603736;610;1360;FALSE
3D96508C-0D7E-5657-0209-CDAE4C936A27;612;1368;FALSE
7E94678A-A00F-56B6-28A4-DD885DBA5373;614;1372;FALSE
144D0244-26EB-03CB-9370-56BD9CA40705;616;1372;FALSE
2CC37095-8710-4A65-9CD1-01BF0535A779;618;1373;FALSE
6BEF78B6-8C53-6262-8F4A-DEE17AA770D0;620;1378;FALSE
FDCFF735-6DBA-2573-7773-4DDE71724EB0;622;1378;FALSE
154EAA97-3197-69F4-A2A2-ADAB16B682F2;624;1380;FALSE
BE777AD4-328D-0D5E-8264-26D9214A768F;626;1387;FALSE
54C36C15-4151-71FF-83DE-2A75D552304F;628;1387;FALSE
7013F1D3-81A6-7DBD-6745-CF13A7199856;630;1396;FALSE
A22F1A16-3E81-2ABF-1D32-4D81A9D554D5;632;1403;FALSE
DE5857B8-8D0F-98AF-5D5A-DC5E5A417D3B;634;1406;FALSE
B72D97C3-9558-02D3-7704-0010BD8589F7;636;1408;FALSE
E3179C5D-77EB-39CE-040C-3CEB300D3B68;638;1411;FALSE
E1A783A3-8A3F-7C15-52B8-67E5F39B6606;640;1414;FALSE
26AA811B-4187-05F2-9434-CA8721DB5CA9;642;1416;FALSE
F8D7E5F8-5172-5676-74B8-F461CC7C26FF;644;1418;FALSE
52471BC2-19E5-3C18-A5E9-DC0E173D388F;646;1422;FALSE
B1754063-37BA-292D-9238-629EE5A0119F;648;1426;FALSE
ACCDB9EC-7859-9724-327C-AABDE12F08C0;650;1429;FALSE
7BD7D7A5-071C-5B00-4A42-AECACCAA1F63;652;1437;FALSE
44E15CCD-432A-1CD3-2758-3F9C6C453AF6;654;1440;FALSE
44F49393-1D7A-52E3-21BE-A3B872385374;656;1448;FALSE
A3742FB5-9C8D-224B-75BF-D36F42500F9F;658;1448;FALSE
05F5114D-2C71-4D73-2A0F-8F3E8A13565C;660;1456;FALSE
942F1196-5188-0CF7-011E-7424718B3074;662;1464;FALSE
CE60D0D3-6FAB-30FC-A076-0A0A6D5E3488;664;1466;FALSE
4C8D5209-06A3-4D4C-0AA1-D8E5A3953229;666;1475;FALSE
650015B7-6D5A-41FB-1E46-A27D5CC19821;668;1477;FALSE
3F2FC281-37BD-1617-9A23-9762D1408006;670;1480;FALSE
153757D3-5D63-8F7B-63F4-5692A978761D;672;1486;FALSE
F2319024-A31C-4FBF-06E7-377024293B69;674;1491;FALSE
36EE7867-490F-74AF-5085-F1503D38391D;676;1499;FALSE
A51AE8D0-0CB0-1FD4-7ED9-00C46FE558E1;678;1508;FALSE
2102FEBE-1DBC-9454-0E08-5EFD8593546C;680;1511;FALSE
8EFDB274-26D9-57BA-03DF-F2A5A033360E;682;1517;FALSE
ADAC9B3D-7F3F-426A-277A-31F44ADF204C;684;1521;FALSE
5CE8DB18-5833-986B-6E6E-4B4AB06D065F;686;1528;FALSE
924DCE34-6A5D-0B45-1BE2-A58DCCED700E;688;1534;FALSE
434A69AD-32AE-0E1B-7FCC-00942FB273F0;690;1535;FALSE
7311C540-34EC-21C1-1370-6E298A5D7176;692;1536;FALSE
E0F47624-7C91-00F5-89EB-4D5D65431B1A;694;1545;FALSE
52778E47-2A95-6737-99D9-ACE4CAC51712;696;1553;FALSE
701EF783-68C8-9A09-5A4A-5EDD3B2A65DF;698;1553;FALSE
A0066E81-0504-0B52-7E86-3FB11F8D6024;700;1556;FALSE
EB0E5849-96F9-8BB1-0C5A-22EFEAA236D8;702;1557;FALSE
6047FEFE-8AE3-80FC-8FE5-5BDDEFF786FB;704;1558;FALSE
962EF8B4-46E5-8E8C-3EBC-D5BDAAE37BB3;706;1563;FALSE
FA472C5A-778C-0A54-33B5-6F20C4F1841D;708;1567;FALSE
94EA641C-31A1-5E8F-38D4-767F8F605A7C;710;1567;FALSE
BBD5E599-A339-A066-0134-1481C02E4FE4;712;1576;FALSE
79207FB0-2004-04EF-6300-8856D52B6EB3;714;1579;FALSE
42AA56C5-2BFE-5475-2CC8-C64575C35892;716;1579;FALSE
005BA60D-5996-4045-6A02-FB02A3507700;718;1587;FALSE
8A32539A-983C-47AD-33B5-457F50224F46;720;1589;FALSE
8D3A5206-8865-8E06-4FC4-3FCBC4669D24;722;1595;FALSE
D86B8322-8B92-4AF8-3233-9FF41A2F6448;724;1604;FALSE
D75C23F1-43DA-3F15-310F-5C8F3A980E73;726;1608;FALSE
15348BDF-18B1-37CF-682F-E58B30912C4A;728;1613;FALSE
13902188-0652-7151-2143-A2DBD8112A26;730;1614;FALSE
3FC64222-39F8-53D6-560E-609A03342394;732;1616;FALSE
8A11279E-581F-2EA9-8B1B-52D009ED1274;734;1620;FALSE
2100D32F-683B-2491-59F1-94EF992A4F16;736;1628;FALSE
2CD20547-8817-31E9-76E9-913E745E46B2;738;1632;FALSE
3F99447C-30B0-A4F4-5A46-95F38C8884B4;740;1640;FALSE
C47B9B80-15CC-420B-85EA-37770027507A;742;1646;FALSE
4B230111-68E2-7977-9D1D-68BA948528BA;744;1651;FALSE
D2105721-2D72-391C-8217-950E110E6E1B;746;1652;FALSE
34CF4D55-1F7F-6294-0529-361B75382268;748;1661;FALSE
6125D357-9588-82E8-709A-98B1396A8ADF;750;1665;FALSE
94AC8F57-0DE6-9BBB-7084-44F90B009471;752;1671;FALSE
53FD59CA-075F-3116-1090-B8006B4F86DF;754;1680;FALSE
1924F035-2DD7-8FCF-5D0A-C24DA0BC9750;756;1684;FALSE
86E954D4-17B0-26BD-0E30-ADDC3D9F23C1;758;1686;FALSE
1EAB064D-97BA-9BF8-8A27-B9D46A495410;760;1686;FALSE
55E54057-6D6F-5258-295F-555EF0163FCD;762;1687;FALSE
880D163F-8CCE-97EC-70D3-6BD7562A013B;764;1689;FALSE
15587E7D-49C2-70EF-8017-4FF711A33626;766;1697;FALSE
6ECC4210-3839-91BB-0810-5E90033F6067;768;1700;FALSE
FDAF5EB4-7CFA-7435-A1B6-0FD2286C1B87;770;1703;FALSE
E98343A5-9986-909B-1C99-AF0E2A466FF3;772;1709;FALSE
D37CA2C6-291F-7EC9-4D50-51097C8A2D50;774;1715;FALSE
2428B465-5701-A5AD-6C5B-29C6AFE30BAD;776;1717;FALSE
2D08A298-2022-5430-1312-1F459FC7168B;778;1721;FALSE
E4519984-4621-5FDA-5D1B-5C31830531B7;780;1727;FALSE
CF73F675-6FDC-88A5-9A68-E745572D550C;782;1732;FALSE
87D69B0F-49CB-1B3A-4252-2290F67369E1;784;1735;FALSE
6EA7F585-173F-7B3D-95A3-7248736F8BA1;786;1742;FALSE
BD07BECD-60E0-2972-8AA8-490F89276EC1;788;1751;FALSE
6CED4879-2202-2766-3851-45FDF2850800;790;1758;FALSE
04B9A5D6-8ABF-2097-5D63-6650171F17C4;792;1762;FALSE
F88F5256-A475-09C4-99E5-115378458C0B;794;1767;FALSE
343C2C8E-059F-A0FE-5AFE-6AD16FFD6CB6;796;1774;FALSE
57A56A44-382C-9D4F-9018-E9967A009BB2;798;1783;FALSE
37701CD5-89E8-46DE-3EA2-EA6D1BF83F5E;800;1786;FALSE
9F4B944B-6EC9-2027-A32E-301204238C53;802;1787;FALSE
3AB7CE2F-4F26-254D-5112-BF7473C54EED;804;1795;FALSE
E87419AC-5848-441C-9C81-669D7DBD2916;806;1798;FALSE
06A6060E-321F-9826-81D7-F6F7157A6E36;808;1798;FALSE
A9ADDF4F-0F99-1041-76DF-267268477212;810;1807;FALSE
CF439D8F-98BE-9512-4951-B739A5175430;812;1809;FALSE
A67B0238-4FDE-443B-05C7-E00E2F4C942F;814;1818;FALSE
7401EC2D-9E13-4A77-4B80-FB0BE8362250;816;1819;FALSE
B0B26F11-660B-41E8-A3FE-2F3D70D53265;818;1820;FALSE
A4FFBDF4-5E1D-8EDB-8565-55C15B699F89;820;1826;FALSE
FBBFC5B8-8F7F-871A-5103-0805F9283AA5;822;1827;FALSE
10B6FF93-0468-1272-0A9B-6C4C52317221;824;1833;FALSE
7A993C7B-9862-5FB1-0F1E-4ABB5FA88319;826;1834;FALSE
B2C8E647-6B0D-A05A-7E78-21AF826937EC;828;1837;FALSE
EE835B6C-7BC4-6245-2808-0F68A8A5A73B;830;1843;FALSE
1C5F7AE7-A65E-A7C4-0401-7BAED572811C;832;1843;FALSE
53A5D554-81EF-7104-8ADC-4B6E08AE4943;834;1851;FALSE
5F98DE63-676B-46C7-624C-2DA7324D6EA1;836;1853;FALSE
82A70BD7-867C-A5E7-0674-C5CA4E5885CE;838;1859;FALSE
8722646A-1B48-419D-56B6-AB1D7C213167;840;1860;FALSE
874E578D-8DA8-20F4-03FB-6B6897241A7E;842;1866;FALSE
FA854315-6D56-360A-7389-E81E4D681C60;844;1873;FALSE
2C2534A0-29DE-8906-4BFC-B27B364D348D;846;1876;FALSE
462FB907-5FCA-617C-0EAB-8AF9F3B0652A;848;1883;FALSE
9434F71D-8939-9C26-7B1B-E5941D1B42D7;850;1891;FALSE
F49F856F-1C77-9372-1259-15D234486D2F;852;1896;FALSE
CCCCC51E-9E83-7417-53B6-02F996C38B28;854;1903;FALSE
8E6FCE45-8F43-78A9-876A-E3EF6A5A09FC;856;1911;FALSE
DD0B65BD-1F33-2123-5EC0-FC8F051D87A5;858;1911;FALSE
B6A6B0FC-06D4-965F-2CE1-77CC222672E4;860;1917;FALSE
1EF2C202-00F5-A36A-1A86-33D9BF8593F7;862;1918;FALSE
D5E2B482-0C96-09A4-041A-61C9AEE69B1E;864;1924;FALSE
34A33C67-56C5-086A-2718-E37150B24B84;866;1932;FALSE
8A0CF04A-9F1B-5388-232C-B8B49BB2707B;868;1934;FALSE
FE6E688F-9E83-8746-1475-9E4F03431947;870;1934;FALSE
A00BCF71-4F49-8E43-82EB-E30DB01F17AE;872;1940;FALSE
D5A5A255-778E-12BB-1E7E-532D23853875;874;1942;FALSE
9C7281D3-1925-2819-478B-2D6D57B01BD1;876;1942;FALSE
73DCD569-4018-16E4-9429-A4B122C46E1D;878;1951;FALSE
8B7E78F8-8ECC-1423-4242-3DB545924414;880;1957;FALSE
86A3F30F-8F25-887D-A162-FDE47DCE1486;882;1958;FALSE
6C721C16-8FDA-291E-341F-FCEE4FE5328F;884;1963;FALSE
FD2EC592-7989-8451-1EB9-E4B38AF14FE3;886;1972;FALSE
53ED0EE4-2F2E-6D4A-22A9-4B284E2467FE;888;1972;FALSE
841914F3-601D-735F-2C45-7EA84CF86B15;890;1981;FALSE
E11F047D-3F93-3535-65F1-79DCF3AD3FCF;892;1984;FALSE
29882D18-4BC7-5488-894E-89A1117B1622;894;1984;FALSE
BA78B302-43E5-5D0C-4878-7D9318031F7F;896;1987;FALSE
2A83CED3-4C05-1B8A-981A-FC4420F46CDF;898;1991;FALSE
AC716C1D-1544-3FD4-1EBA-8593C9263512;900;1996;FALSE
B003B527-8AC7-2856-0F72-1043D6CE9DC3;902;2004;FALSE
461FFCA7-9147-5ACE-9089-DAED2D1E2951;904;2011;FALSE
437C834D-8F39-97B8-43BD-223D378D6B61;906;2011;FALSE
93C856F7-1188-303B-8A68-F4D15D20386C;908;2018;FALSE
C47AA6C0-0FFB-8743-554F-324ACEA69A74;910;2019;FALSE
2E1F6FB4-5AD4-6855-3587-63AB615F173A;912;2025;FALSE
C8299ABC-9812-6E6F-7F05-69AF73EE315B;914;2033;FALSE
7A6D2F93-4819-99EC-A37F-73F28ADB584A;916;2034;FALSE
638BDEB9-974A-1EE0-8F6A-F2E859AF8B88;918;2037;FALSE
262F50A5-A279-47DA-34EE-D54988998DF9;920;2044;FALSE
475DA702-23FD-446D-7DFF-BC49AD966719;922;2052;FALSE
8A1EFF64-853C-8477-0CC0-58A6CF454900;924;2052;FALSE
B6A6D9BB-9656-752A-644B-D7CCFE1AA087;926;2056;FALSE
722EFD31-36A3-14C2-170B-09AB7D990B5B;928;2063;FALSE
0E5B8739-4B86-5766-9191-BB97D24B96B7;930;2066;FALSE
04474C9E-9C42-A64C-8031-A1D4B5ED392D;932;2066;FALSE
8A4D2F21-534C-3C9C-719F-F7E21AB21891;934;2068;FALSE
64485D7D-9627-0C74-31AA-D2230A7C0304;936;2077;FALSE
2DB8E9CF-4630-2351-4048-384834A51F30;938;2079;FALSE
78FCC38B-5C96-9BF2-5C49-8B1F88D85DD5;940;2081;FALSE
B3F26D64-97D8-A476-0794-ADBAFA8E5977;942;2086;FALSE
106022CC-3C54-A34D-3FE8-CA89D4C14389;944;2089;FALSE
026340A4-82DB-394C-0D4C-1A8A4C82948C;946;2097;FALSE
719491F0-3FBB-5B30-91A6-C4545B971BE0;948;2103;FALSE
19538E9F-05E2-A437-0775-9550E4893D4F;950;2104;FALSE
E81486E2-4F87-61AB-5213-852399BC1D8D;952;2107;FALSE
A60E8C07-54CA-8A39-A2AB-BC508DED6FF4;954;2115;FALSE
515747CE-9096-48B6-83ED-AF78CD861AC7;956;2120;FALSE
DD120230-47C5-2ED2-4CB9-50FAB0D05040;958;2121;FALSE
A5C9A65F-6953-312F-34D3-B4366F928D45;960;2121;FALSE
51EF8106-800A-0705-4A7E-DE2413C81257;962;2123;FALSE
6542E835-86D6-0F09-437A-725709465FB6;964;2127;FALSE
E0F328FF-97AA-6197-733E-3651AF995628;966;2133;FALSE
BFC6502F-4BCF-0862-60C8-70830A352600;968;2140;FALSE
9BF74526-3647-03ED-0C09-3D35F7EF60EA;970;2149;FALSE
DB5F6FE5-0573-273A-2E1D-B11A58961C8E;972;2151;FALSE
9CF0D4B3-879D-2052-A7C2-97069191584F;974;2156;FALSE
9A4C0BFA-2C4F-6ACA-9AAE-8C6D25F18585;976;2165;FALSE
7AFC9537-7541-3128-62D2-14CEE99335B4;978;2174;FALSE
3B0D1B09-035C-7F85-6B41-1C47000786DD;980;2178;FALSE
B19029E7-8115-5B03-2EBF-95A4535E496F;982;2184;FALSE
0A3DA6A2-2C64-4637-1750-F69321CA9C2C;984;2185;FALSE
A340F097-4E38-62B8-3D3F-5A49001D866C;986;2191;FALSE
F4C67FBD-4F5C-8B17-6E8F-1B8073FF7779;988;2196;FALSE
69765927-366A-A499-11C0-7E4F3EFC7805;990;2200;FALSE
CB0FBA96-9A5F-2F5D-3D21-EA0C78366A65;992;2205;FALSE
06053303-5771-4B4C-7430-EE3D02795FB9;994;2211;FALSE
2590A2FD-4578-242D-6F5F-8631401B47AF;996;2217;FALSE
DF78B002-69C7-431E-0A44-72D0667A3EC5;998;2219;FALSE
