C1D7BD74-8547-6699-0B4C-193C30B66083;195;0;FALSE
0CEF272C-3246-0216-6DF0-B714D02A3FA0;576;4;FALSE
0ED70190-0231-57BB-9E43-4F83B5F71321;98;8;FALSE
45AFE466-88F2-0FA7-280A-66C1FF459B85;239;12;FALSE
F4F95C26-46BE-75D1-654C-D7CEFD9B58FB;924;16;FALSE
53EC9B28-0912-27FF-2C98-2FA6676D67FC;585;20;FALSE
D75B6D40-41E5-7E92-5376-716AC51D3A5D;285;24;FALSE
647D8F6B-104F-2B94-9839-2109190719E5;352;28;FALSE
B005361E-A549-313B-59CB-29F31B578FC2;532;32;FALSE
719F4DDC-1BD8-98BD-02DE-571D17540AE4;117;36;FALSE
6BFB2A43-0CC4-0468-3464-48C00C112C0F;841;40;FALSE
8E5E9BFA-4B56-A152-3B3A-AB4C01DD9E3F;750;44;FALSE
C0CF715B-2733-7F7E-543C-E7EDC93318FA;1002;48;FALSE
77A5C027-8CB4-7ECF-5AEF-F6A4F8410D95;940;52;FALSE
32F57856-39DA-92B3-9075-ACEA3DA04076;305;56;FALSE
44AAA63E-38E3-1F64-896F-801118AFA3E1;428;60;FALSE
F28BC0EC-97E8-8169-4B65-F24797D53315;929;64;FALSE
52885721-29AF-3D7F-4A36-CBA8BBD08399;277;68;FALSE
FF64DA2A-479E-9821-88C9-6A73525B0D5F;154;72;FALSE
C1C03456-63A8-98D5-4D0D-51BC20E93C2E;905;76;FALSE
B8A82C74-3ABE-6CCE-4E91-9A7E080239BB;999;80;FALSE
97E7AC22-4DE2-454C-20BB-E7F8B1FE8C80;925;84;FALSE
CEA80BDE-52BA-8EB7-5682-82ADB2654DD8;992;88;FALSE
919DFBF8-556D-7278-7140-4D856D854FCE;285;92;FALSE
B9C7F357-3719-349D-7468-596AF1FF8819;195;96;FALSE
3275BA7F-5A56-4A5F-9D69-A7222D59A3F7;1009;100;FALSE
45FFDD7D-3A1F-3953-2365-4402A13D7F20;697;104;FALSE
68C221B7-1B43-062D-922B-8738E3B52659;497;108;FALSE
057C332E-8537-1B47-147C-C0AE0C5428AA;83;112;FALSE
A9291276-A6B5-9E28-4D2E-F11780C82CB3;192;116;FALSE
31084F3C-8BC0-401B-8F0B-7ACF94BE6ED7;291;120;FALSE
1859B1A3-141A-0A48-8147-13A6D8D2256E;111;124;FALSE
8300755B-2697-31C0-43DE-95E8A35E75C5;190;128;FALSE
0CA8B003-A5A3-9890-2141-81B7A2A46437;23;132;FALSE
A002100B-029B-A11C-9E3F-C52E239C4B11;489;136;FALSE
047A76CE-87D9-523D-872E-43102CA01B08;537;140;FALSE
0293D045-3901-849A-635D-8E586998A425;972;144;FALSE
0EB04A8F-00C6-915B-9985-DD68A56657B5;313;148;FALSE
4E9D69CC-9EBA-5933-218E-BE2408DF374A;216;152;FALSE
7E3FE3D5-2B55-690B-4C94-0C56AE529A09;685;156;FALSE
E6E67B1C-8AB2-72FC-75FB-2D64785817D7;199;160;FALSE
9785CDC3-33AA-5931-9605-82FF16AD6F06;182;164;FALSE
E5D71198-834E-2B52-5866-47FCA4923349;987;168;FALSE
702D32A4-3869-3882-7615-9E6820DE597F;767;172;FALSE
AC552872-3460-59CC-21A7-7D31E70A7313;148;176;FALSE
1C244A56-1737-9569-1F59-582B436863CA;158;180;FALSE
AC41127E-27DD-8293-40EC-D450079E4389;767;184;FALSE
1AC1A6EA-888A-63BD-00C2-D653133D67A7;617;188;FALSE
8EC2228A-1913-3952-2B1E-BF5EB70C3DDD;183;192;FALSE
B600EEB4-6402-0124-2353-0023E9B40033;14;196;FALSE
26DDAA5C-3748-52F6-10FF-40D2654C0E90;680;200;FALSE
637512B9-11FA-5D82-8713-D2BE8A9E0F7B;449;204;FALSE
231E2CAD-75E8-8D84-0EAF-BD001DA58739;727;208;FALSE
38791B67-0358-5C09-5035-F50453F60364;718;212;FALSE
0D43836B-5704-823B-728B-1EC0AA177EC3;669;216;FALSE
14215DF6-8FFE-2D55-6557-19347A6B89F6;336;220;FALSE
AAACC9A6-6A29-5A97-7594-D41101C20543;477;224;FALSE
A3AD5B8A-3E6E-7589-9F8D-953697A41E7F;993;228;FALSE
D01CCEB9-0CF0-2F9C-2EF1-ADCB6409A2B7;2;232;FALSE
EFBBE57A-362D-676B-480E-950FA6480ADD;147;236;FALSE
DA371331-1C79-0888-56F0-40136BDC8C14;979;240;FALSE
F012C5F8-0145-A295-2B65-2FDCF3BB0D21;957;244;FALSE
1D93A090-9FD3-2D93-2706-3A6476FB7301;695;248;FALSE
E9F63223-76C7-3CF4-25FC-1B58DFF933F8;954;252;FALSE
13851F7B-9494-9F0C-A521-6AF126509CA4;583;256;FALSE
349936C3-5595-14F3-4E84-FBC8F6CB0FC6;309;260;FALSE
2927A306-844C-6BB0-4595-C1D6F3B9669C;213;264;FALSE
A4242B20-4040-030C-49CA-DE979F858AE0;734;268;FALSE
8F93D8AC-12C3-35D8-4035-DAF0D850586E;34;272;FALSE
B0FB6A43-51EC-42B2-0D83-F02766CE6CCE;600;276;FALSE
CF903CC6-047D-522E-47DD-BF02F45F841E;334;280;FALSE
3979DFE5-302C-7CA6-5A93-D74CECBE000C;838;284;FALSE
81A386EE-56FB-1E27-0466-49257AC25B09;745;288;FALSE
FFA105C6-032B-A733-88E9-8C33877AA36B;347;292;FALSE
EBF93CD3-3F04-82C1-7FAB-A51D5D943D88;821;296;FALSE
1EEBF21F-1ED3-A274-64B7-DE9DD9A162C4;682;300;FALSE
C2FA3D9D-1DFD-7314-2E6A-AC6322E3420F;655;304;FALSE
F06229CF-1E12-3DB8-72C4-9E2AC9803154;190;308;FALSE
2EC0E9B9-5DEC-A354-740B-4AF7670709D6;579;312;FALSE
3FCBB06C-00EE-0AA0-26CD-994F51CB7474;62;316;FALSE
625616B8-0F53-1348-0D91-DCCB413B3D7F;52;320;FALSE
49881F23-A665-213E-3776-B01A5EF609A2;484;324;FALSE
62D590AA-14D2-5A77-579E-D06F8139270C;664;328;FALSE
0F9FC3D8-4C53-59FA-942E-06C869926540;213;332;FALSE
CEA4658B-728C-79CD-5FCE-8134D54601F1;982;336;FALSE
01187C86-4666-6568-2909-A7CB11D2378F;644;340;FALSE
26185CB1-A157-005E-2930-F6EBCC6E7C6D;1006;344;FALSE
542E330A-6A88-3A3A-5546-EFF8E9DB5815;853;348;FALSE
E8AF37CE-9CC1-879F-26FA-801D34617372;455;352;FALSE
A9F4DD2F-5C0B-87CB-24B5-AA43EDF056D1;630;356;FALSE
DDF7C5C6-0136-01D0-6CAD-DA1EA0526319;892;360;FALSE
2FC32A31-4BDA-165E-34D6-4DA22B00366B;504;364;FALSE
35AA9389-7495-9387-526D-520D5B006EDC;274;368;FALSE
6D425944-08DC-A31D-96D6-5D7E5C654F48;379;372;FALSE
CF0F7A5F-85A0-7497-033B-E00AA66112C0;593;376;FALSE
F50DBF12-5481-4E46-5597-51A575EF2287;541;380;FALSE
269BB1D3-108D-7857-7140-6FDC80843E42;298;384;FALSE
F8C9B101-8374-89E6-8820-7D5B5BD98066;176;388;FALSE
BDD7CC9A-9319-2BEB-9704-F76E11466730;625;392;FALSE
8A40C674-0196-0784-76DD-A4F7AD145747;516;396;FALSE
15B2937B-0C11-46A6-96F7-48CC24263A0B;917;400;FALSE
2E37CF71-35F8-48A6-9E06-52085D48437E;191;404;FALSE
37A13A05-6D65-2B43-599B-C3E4155E546E;925;408;FALSE
D7852F29-709E-039E-4D0A-9C7517427727;338;412;FALSE
2B240E78-4C44-75F7-5FC7-B00C4D1F3830;829;416;FALSE
5EFADA29-1A81-0E58-1DB9-BE5D689B53CD;642;420;FALSE
BD171300-1549-0903-A534-EDABD358489E;632;424;FALSE
E5A0C0E7-3D09-9810-17DA-0170E6C892F7;81;428;FALSE
12B27B91-2865-5C61-6B59-78384A289699;558;432;FALSE
D8709585-7449-6DAB-9A40-D56EC7E62168;341;436;FALSE
0CDB158D-996A-17A6-001F-17EE66083C11;358;440;FALSE
34E05D9B-5EBE-2BE5-51E0-0CA5D06E4813;996;444;FALSE
743939D9-9842-99B9-4D9C-53BA9C3425A4;164;448;FALSE
4CB679BB-26EE-5CCA-4746-CD31C6E73EEA;694;452;FALSE
3A63DF07-1F4F-31BA-6AC5-1E3A0DEB2F0C;948;456;FALSE
2A46A9F8-92EB-8D87-8A99-F9612D225091;207;460;FALSE
BB4FFF94-5A77-85BA-513B-F29D8D8F37DD;850;464;FALSE
1BA05DAB-71BE-0D39-93C4-0E45B54B6031;461;468;FALSE
6186FF4A-54DE-8289-72A4-EFFDC4F39B23;801;472;FALSE
E94F5A3B-A33A-8DDD-46AE-D4D0363F918B;812;476;FALSE
5176C3CE-551D-3494-6E9D-829B19BE2B11;390;480;FALSE
FBF759BE-58F6-7BA5-0FE0-563E8EBA06E2;264;484;FALSE
3B95BC70-56DF-997C-A79F-6097B2644AD6;135;488;FALSE
30E0191E-25C7-51D8-0183-74B7AB3437C9;438;492;FALSE
641E1AC8-3AE7-379C-34FD-431AE1C3070D;349;496;FALSE
285151C0-1937-5CB1-3F44-D5D4FD9502D0;748;500;FALSE
59DD201C-04D6-72F1-2D15-47838890A5A2;76;504;FALSE
0B3C3B50-3A8E-5608-516C-DB8C614519B0;876;508;FALSE
58A251BB-59C4-0918-A2F4-2FEE9D801734;868;512;FALSE
293A8D2D-5C23-0F9B-3512-E785591720A8;53;516;FALSE
BFA28B12-9DD2-85D9-79AC-8483E123349E;921;520;FALSE
14488EF3-7968-564C-7E06-46BE34010532;704;524;FALSE
C8CCB343-98C9-98CA-1B6C-FC330AA14F37;727;528;FALSE
1F532B66-33D2-8EB2-8BFD-A0D976188E1A;108;532;FALSE
2F88D19D-54B0-1899-49E5-64BD4E024ECC;603;536;FALSE
C0E0D6D4-0108-9809-6C16-5A6BCA895809;805;540;FALSE
4F6F8CBF-3AE9-6A23-0B7D-97A0BC409397;206;544;FALSE
C064BB12-7A95-1140-2D25-D2E3C8D68E05;599;548;FALSE
CCC508FA-7F31-1DC9-8490-80A60E7D44FF;889;552;FALSE
916F8A1B-0EFC-A68F-58F5-35EB9C024E28;408;556;FALSE
EF8324FD-0278-0BDD-1531-C87447A7A476;252;560;FALSE
A27C4AAC-2C7A-09B5-8E0E-A4FBCA750008;318;564;FALSE
70893A52-0A3A-68B2-1726-4BA7FCBC0555;691;568;FALSE
C174612A-03B0-5812-4C86-22A5CFF97B1A;348;572;FALSE
B8987402-4675-7DEE-1F89-602A79E0785E;188;576;FALSE
7B20D5B3-28C9-3571-06CC-59D631F011E7;977;580;FALSE
5636035E-2EB2-7D7D-A1CC-874F84E51865;650;584;FALSE
C0BCAA68-6E69-4B01-4DE2-FAAB895D645F;937;588;FALSE
2CA54AAA-86F7-71BB-05DC-CC770701000E;55;592;FALSE
DD169973-1DF2-9588-89F5-87F42427144A;740;596;FALSE
F182EC5C-6509-431B-2431-D294F0EB945A;572;600;FALSE
10814A36-9BA4-01E7-647F-11175B3E09D4;749;604;FALSE
2768FC28-2EF3-96A9-6E46-B089FE207BCB;124;608;FALSE
8F39AB01-5737-99F8-54FE-33AC26154DA3;568;612;FALSE
0369BFB1-52A2-1AAB-4439-C4538E00375E;522;616;FALSE
5EEB0503-A5C8-833F-72F9-A3654D224215;413;620;FALSE
CE02E6A7-6074-0056-2574-736E3B27909A;911;624;FALSE
85F4535A-1687-2006-61F2-CE7044017393;158;628;FALSE
D925A430-04B7-7574-2125-A703FDEF4E46;701;632;FALSE
2660B2AE-2E8C-26F4-32DB-A68CB87F38B8;11;636;FALSE
07169473-5773-8C11-5DB3-69B927477B6C;193;640;FALSE
4D926E66-4455-394F-40D2-70420364013E;100;644;FALSE
611089F9-597F-407C-558D-A5D2BDCD1422;98;648;FALSE
EB90915D-537A-25D3-A29D-864D7D7A4FA8;528;652;FALSE
B71C3E0E-1549-26CF-72DC-471824E33277;176;656;FALSE
491B65A4-A5A3-0BE1-7AB1-CECB2CA6385A;823;660;FALSE
40C2BEF5-7138-4FEC-1331-C9A44F8B0193;224;664;FALSE
3271CD4B-0DFE-28DA-07A1-A1AB70625786;959;668;FALSE
BE0A138B-3878-6232-39AA-84973F3637BD;643;672;FALSE
37FDE046-797C-679B-17F3-4893EEF32E39;774;676;FALSE
73EF3F51-6A89-941C-9A4F-07982264589E;204;680;FALSE
0E5F0785-45FF-54E7-2DBF-87541DF4A565;927;684;FALSE
32A7E76C-4A4E-0EF4-562B-BA5159073368;122;688;FALSE
BF9143E6-070F-9C33-7A09-AFE3D9141381;219;692;FALSE
C5DB22BB-949B-6172-68DA-811013516BC5;74;696;FALSE
7CB0529E-22E8-36E6-66D2-057A9B626616;734;700;FALSE
99921FE5-16DF-6183-28AD-02A0A29E9BE3;742;704;FALSE
2933C972-5FC5-8455-3A55-57F5E1D09078;646;708;FALSE
E74D952A-7C15-9D4C-7A91-B6A341220736;560;712;FALSE
DB3C68C8-542C-27BF-4544-16A90FE94D30;618;716;FALSE
CAFEFF29-7916-7700-9B8C-140052519317;341;720;FALSE
BE8B582E-A6E6-0D4A-9BE6-93FF5FBA1E41;629;724;FALSE
E3BCAF8E-281B-3A9D-5CE0-C7CD1111A230;742;728;FALSE
9D3A39C3-4834-01DB-3B8C-9E39BD74A683;214;732;FALSE
A96A6735-79FC-3212-4B0B-C6D91FA1A03F;145;736;FALSE
A830BCA1-74EA-7FD9-1144-FBD8CE3521FE;121;740;FALSE
9E5FD7EC-5181-6BB4-3518-D65784ED54C5;639;744;FALSE
8A26A979-943C-4445-9F21-222A2E1C83EC;450;748;FALSE
028BFDC8-4344-3045-9D35-B0F5985591E1;360;752;FALSE
4CE05B73-5AB6-3080-19E4-DEFF6BB08EFC;243;756;FALSE
F660AFA0-57F3-9E16-7A4F-3A9F75097FA0;456;760;FALSE
FC1E3AFE-7C8E-7B03-A788-2A7510782079;583;764;FALSE
E68D4A43-22D0-914B-5B10-043D42C121D3;804;768;FALSE
9B28AFD6-2F44-8212-2CFE-E3F99FA17CFF;234;772;FALSE
9B82F843-005B-4D6E-789C-A91FE9B907BA;41;776;FALSE
13A03D90-165D-2562-0463-3751455075C3;956;780;FALSE
1FFA0495-4F7A-6999-A262-2F368428890E;301;784;FALSE
945EE8F8-7A1A-1AF3-50ED-70022EFF2E48;480;788;FALSE
27ADFE50-06E3-115A-6E14-3A13B31E8DA7;73;792;FALSE
CE8BD717-042F-8257-9D00-B07E3B98949E;243;796;FALSE
9C679A6F-5345-2D21-0B09-01BC18260A00;453;800;FALSE
37E92D92-69C4-505F-2906-2DAE7E6646C4;719;804;FALSE
F5A07297-0286-04DD-6C09-556FA0CE16B3;504;808;FALSE
F8B78779-5E5A-50A4-1B01-7C016681563F;363;812;FALSE
CB917DA9-7D2D-62CC-9F68-9065131B67F2;336;816;FALSE
210DDF95-1D62-212E-2C73-2E03A6B13F43;138;820;FALSE
86E4F9E8-7C47-1667-5D0B-C24C9AA12179;818;824;FALSE
A15B688D-1E90-5D02-0941-572847766445;481;828;FALSE
7C334E51-0E3A-055E-6ED5-A7F5595B894D;777;832;FALSE
5A03DF1E-A6D2-2A90-4B76-DD5DCB8865CE;373;836;FALSE
6B39436E-5121-7E9D-32AC-B698E0C6391C;279;840;FALSE
2DFBFAAB-9D62-647C-8F90-DA5574468624;375;844;FALSE
D9D9AE66-1C2B-3D3E-7797-28715CBE0C61;997;848;FALSE
A68667B6-26F8-52FA-7084-F8C7B6B6446C;796;852;FALSE
6453252D-6805-7081-3D7F-01C17A8946CF;840;856;FALSE
416FB1A2-2BAB-3CC8-952C-67707B174B45;792;860;FALSE
3CD7937A-0A64-0DC3-83E4-4F262E20A0C9;572;864;FALSE
3BABD188-0427-4848-2020-E126D2112EF3;396;868;FALSE
AC62703E-0FD3-0BF2-A64F-24EE831E67C2;138;872;FALSE
F259F48D-2840-4246-31CD-077226FD7B20;424;876;FALSE
124170B0-8458-87A9-2E08-5A89E1A393CA;252;880;FALSE
59655FB4-55EC-A3B0-1053-527E010D5322;166;884;FALSE
94FD8679-6DA0-9D01-2EEA-729FDD071E5F;139;888;FALSE
E7D25FAD-910B-6BD4-1B3C-37450D029300;518;892;FALSE
03E8860E-2347-766C-7709-424615500604;405;896;FALSE
B8492AAB-11A9-2393-985E-BF8A6EAF9757;132;900;FALSE
FFB372D1-426F-5F38-1879-609F8A4E5AC9;669;904;FALSE
411E44D1-53DD-3A73-600E-3B2AF17AA409;748;908;FALSE
43D55918-0805-6C91-6B0C-C79C35C3030A;477;912;FALSE
B371E67F-8B68-9A2E-8806-81C6F50A5A0B;498;916;FALSE
81AFDA77-2477-2D3F-6C58-A946275B11E7;685;920;FALSE
15FBF214-19AC-7426-908C-1BC243B00417;592;924;FALSE
0D16E3C6-69A6-23BA-44D0-AD48062604A2;6;928;FALSE
409BF11D-6DFE-0B5C-3A4E-CD4CC7280A31;662;932;FALSE
BB4E277C-9AA2-7029-860E-6FA27BD71736;77;936;FALSE
A547F851-1215-81BA-54F6-EB149FF919B1;605;940;FALSE
7BBA08EB-A0D3-3302-A507-B195C5CF8593;970;944;FALSE
8CD6C22E-4E3E-47A6-49C5-9BDBE76E8595;831;948;FALSE
9C2EBBD0-523D-9D07-662E-E2A080378E3F;116;952;FALSE
9C732A11-9D26-322C-14ED-5E54DFF5858B;949;956;FALSE
D1A959DF-5BCB-105B-249F-7AFD090C9CF3;480;960;FALSE
61F6269F-4BA0-7E26-20DB-B12D5AE40986;282;964;FALSE
3EFE6404-11EC-9DD5-7D93-D6F3E6238036;349;968;FALSE
A14F7164-3E35-3710-5CE4-10FB23DD9EFE;820;972;FALSE
33324B1F-6F9D-9B57-3318-1818D3813B52;618;976;FALSE
14ABA983-3D83-42DD-60DE-2E29D38F9A35;862;980;FALSE
1A18CF28-52E1-1B9F-7C8D-DC52930F6619;893;984;FALSE
8DBB9C99-7D82-A745-9365-0A0E48AD3954;957;988;FALSE
01BD1502-6A0B-9EAD-6846-4541B1670639;27;992;FALSE
07DDE376-2B68-3D8A-4272-11EBB3D435B4;69;996;FALSE
2DCF01D8-062E-6497-3FC5-7252A5556C0A;906;1000;FALSE
A86C621B-785C-3A77-6439-A1A299553CD8;35;1004;FALSE
FEF28192-1FE8-71FE-5996-431A7A78A22D;358;1008;FALSE
A3CC85E2-2857-09F9-4AA7-1D50D152188E;109;1012;FALSE
6DB3FC08-A3B2-659D-A115-408422C084EA;854;1016;FALSE
0C62C920-5977-9A5C-72C8-F115ACED83F7;922;1020;FALSE
24C9C532-7B6D-4115-948D-43A404001ABC;816;1024;FALSE
3AEFEB50-3DCA-560B-A776-C74BB07198FF;357;1028;FALSE
91ED44DC-57A9-0D8D-49D9-6E0C02BD5BF3;689;1032;FALSE
D1942E2D-3038-92AA-9400-7873972264FC;180;1036;FALSE
A73931F8-3228-204E-5074-30C186EF6723;655;1040;FALSE
9A927C8D-A48A-3E63-894E-481BDEE22086;873;1044;FALSE
085FF274-83D3-7ED3-848C-7EE27A24714A;237;1048;FALSE
6A2D32F2-86AD-1F37-49C8-42B4E7BB14BC;113;1052;FALSE
1F9DFF78-9439-887A-6D2B-DDFC89F736DE;114;1056;FALSE
A510F40B-6387-8FD3-5D2D-7A7D019218C7;992;1060;FALSE
F71B9C26-A25F-824E-A6D8-A4D6E5FA07D4;93;1064;FALSE
A2EF129B-9186-28FA-7990-F95E327595E2;622;1068;FALSE
8DFDA792-436C-90B7-44DE-E5D6BB5736C2;959;1072;FALSE
21B5178B-29DF-2ED1-9865-60CC0EB483D3;527;1076;FALSE
7F449AAD-182E-6326-3221-532DD4586965;858;1080;FALSE
AE6ECBF9-6B09-6685-7649-4BCBD0FF9502;843;1084;FALSE
AE5B6161-4C69-3C43-4EDD-D65F6EE51FFA;547;1088;FALSE
AD4E783E-5C10-6090-85E4-69E22D823A0D;839;1092;FALSE
A71EE253-1A7B-53B6-373C-702F6E08573E;579;1096;FALSE
9DE1078D-6E74-04D8-1D5A-43FDF6554743;715;1100;FALSE
D40FE54A-274A-13C4-452C-A083508D8381;754;1104;FALSE
5000E495-48D8-419C-4B8F-2F4C6C485985;615;1108;FALSE
415197FF-8527-9C5F-2D74-F95D36272187;833;1112;FALSE
B1483C02-0EFE-1A69-A3EE-8B465FB4041C;562;1116;FALSE
0FDF98E4-99D8-7377-A79F-88C891F183BD;802;1120;FALSE
FB024B49-2A09-3C00-770F-70C1107C0EAA;7;1124;FALSE
0C9BBB77-6AB9-5E6F-01A7-636C54827266;677;1128;FALSE
739D136F-21E4-91D8-56F9-C349853882B2;980;1132;FALSE
E60E17CB-3034-2985-00D3-41A5990E613D;309;1136;FALSE
45574914-9126-1CB3-8BA5-2BF7F446612C;987;1140;FALSE
85C890D5-035D-65BE-5162-F18B77CB3EB5;146;1144;FALSE
A7CCF153-2AE9-73E9-31F0-952F7667A46B;259;1148;FALSE
22226958-A00E-2220-0A88-625C586538DF;1;1152;FALSE
8A2A53AA-50BA-6100-927A-99B3F17B7159;402;1156;FALSE
D5480621-13EF-30DE-32B1-32DB04B64156;853;1160;FALSE
31B92A9C-90CE-1020-1CB0-70C6EBD243A2;684;1164;FALSE
702E07AF-1899-95C4-4ACE-AAC3CDB27488;873;1168;FALSE
ACBC5BF9-9B27-175C-6E6A-68C49AD978EF;242;1172;FALSE
9F9B89ED-3CD3-A2D7-17F2-0389A76251F5;925;1176;FALSE
0FD08E5F-768D-9EEB-8361-ED2379B6325D;99;1180;FALSE
B173A478-A166-866A-1022-F4A513B881A7;492;1184;FALSE
DFEEE95E-98AF-978E-2658-A20BA27E7131;51;1188;FALSE
20CB60BB-4C35-7B12-7610-357754721712;840;1192;FALSE
3E4717C5-1E84-5F42-8A22-81AE564C67F7;903;1196;FALSE
14E88998-55BD-4CBE-5D14-32C26D367F65;144;1200;FALSE
19A4D028-2F45-35CC-2263-051D2B362C9F;696;1204;FALSE
48D42DF4-1B67-8E74-8C03-DAAEFCA0291B;789;1208;FALSE
9B3946A4-9E23-62AC-6027-373F92694DDE;52;1212;FALSE
9BF98008-488E-549B-5E5F-1D45FA411272;1021;1216;FALSE
95E3C34C-8DE6-1293-37E9-FAC87F4647E8;798;1220;FALSE
DC32225C-15D3-3E2D-32FD-DC6C20C97FB7;121;1224;FALSE
339DE6A2-81EE-2B8B-89DF-3D741C0BA2F3;632;1228;FALSE
C7205F57-7180-8117-0834-71CD435A4FE2;897;1232;FALSE
CA36413B-6F39-4122-4F43-4AB1710A2D6A;227;1236;FALSE
364C1E0B-8EFA-5733-396B-D58192E736D4;306;1240;FALSE
DE462802-1CA5-9624-64F0-BB5357E15CBB;737;1244;FALSE
BE9A9306-28EE-3E53-8593-A81836B76266;636;1248;FALSE
0894E996-16DB-46B9-5FCB-3414AF0A7207;800;1252;FALSE
054484E0-37BD-992A-4976-F560111A00D5;302;1256;FALSE
FC8850A5-0EE9-4469-6919-A26048F88D53;324;1260;FALSE
C9191CC8-9B73-183A-90C8-EA1622DC5A07;609;1264;FALSE
0E13948F-3A27-6C56-2B53-2FCE83540177;118;1268;FALSE
21AB7442-9A81-8BF1-6635-027E04B67C2E;192;1272;FALSE
5B9DFCB7-55B5-A4B7-949E-820A2515A4A3;97;1276;FALSE
55D778C0-A485-1ABC-5CCC-82E29D9688C1;589;1280;FALSE
82A7E772-00F7-456B-0160-FB88159E8EB1;445;1284;FALSE
4C31CE65-4A80-265B-16B4-B51F38D20702;102;1288;FALSE
5C835F9F-2FD1-6941-10C9-8CB5C4BC1849;987;1292;FALSE
CBAF6C5F-6A4D-0301-46E0-285457CB7689;76;1296;FALSE
E43827ED-1B1C-5CDC-078B-E4276E8A39CF;902;1300;FALSE
CF2D90CB-6558-69E3-9973-D382C3722104;625;1304;FALSE
F6E35FCF-7AC2-128F-3AA6-A7C82A522219;4;1308;FALSE
5B386363-4483-018F-6D47-1DD69D889733;446;1312;FALSE
8FDFB410-731F-297B-8B09-A38456364EFA;880;1316;FALSE
A4DA9686-8F4F-6085-90FE-9588CBC554B7;291;1320;FALSE
AD0A9007-6922-95B7-8CAA-3B4DD08589BD;683;1324;FALSE
8CABEB44-5550-9411-1150-0711F4FA2522;668;1328;FALSE
7F8639CD-28B3-8C8B-5CD1-300E94E99A79;93;1332;FALSE
336A3FF9-4E49-2AC5-014D-C2CD863D71DE;602;1336;FALSE
865B0165-954F-3D9D-2CAD-0F5FDF4F3205;223;1340;FALSE
A72EB89F-41CF-3FB2-0D5A-824753502C91;646;1344;FALSE
B922048F-764C-79FA-0638-39703A2E5B1C;907;1348;FALSE
F9648415-3EF0-906C-6520-880DB128A478;545;1352;FALSE
1995793C-255B-6C60-3A20-FFC1EF868161;424;1356;FALSE
F236AE2C-8B53-23C4-1A97-49CB644E3D0E;778;1360;FALSE
AD58256B-20D4-30AB-434D-5B80C5D976E9;843;1364;FALSE
3724A00C-58D1-A276-2DC1-D10153FA9D68;403;1368;FALSE
CB33EC48-4630-7EBF-2405-E6ED1B97A0B1;317;1372;FALSE
2D9F5575-926B-8B1A-6C92-E2296D4D33DE;656;1376;FALSE
F4527E7E-979F-19BC-9770-E1C7D2FD1223;987;1380;FALSE
2B0131D5-0ED9-954D-4F95-0C84EF916868;45;1384;FALSE
E9F1049D-0B4B-0535-3C03-01E67A177F8B;218;1388;FALSE
57EBBBCA-2216-48D2-1D32-145E30596571;816;1392;FALSE
C3315FAC-2BFD-439E-68BC-23A411427AE0;223;1396;FALSE
28F27C09-3CFB-370F-06F5-29B4E4B74B4C;666;1400;FALSE
BF7E49F7-07D6-0EA1-44A4-EFAF673A2C11;791;1404;FALSE
228FF79C-8749-6E3C-0C76-F61BA2176FC5;99;1408;FALSE
7D79D481-1E5D-4A2C-9B89-53A7B15A076F;902;1412;FALSE
01FF30DF-4382-05CB-713F-070E28BC1713;533;1416;FALSE
9400F85C-3610-43D5-28D0-BD1936231D21;56;1420;FALSE
B9C7755A-68F5-8CE6-2866-D0060D651918;682;1424;FALSE
7D6DAF5D-A03B-655B-0775-CB21A47C9027;587;1428;FALSE
F7B7F4EF-98B4-5629-804D-DF6089F38884;51;1432;FALSE
C9BB965D-5387-95CE-653F-4B3EA8A54B2C;424;1436;FALSE
4B74CFD9-9D3A-4D29-419A-AD2ABF9D9C55;328;1440;FALSE
F06F4B3E-98CD-12A5-6699-0D3B3B05A3E5;970;1444;FALSE
4F82421A-2F85-15C2-6D16-118BD6124C52;987;1448;FALSE
B54C5043-81FF-49F8-64F1-CD8D6FBC9528;281;1452;FALSE
FC107F60-6B3B-8184-28E3-64E35BEC618E;146;1456;FALSE
393319CF-5033-3936-94E6-DB6995C082ED;403;1460;FALSE
DAB7AAC2-3606-549D-9665-538484848F69;465;1464;FALSE
C6D28430-7FBC-1F8C-1010-1A3958D5047F;906;1468;FALSE
BB0B7325-1C60-4E01-0876-8C2AE62A06AE;656;1472;FALSE
DAD3736A-3CA1-8324-0EF3-00D2128222F4;268;1476;FALSE
DA1167E8-0014-655A-6881-1179DEFB0A7C;553;1480;FALSE
CFEED4BD-3816-5372-797F-8197373F9AB2;960;1484;FALSE
2D642491-7C72-3808-A6CE-6D851E1D2539;87;1488;FALSE
70322EE5-8702-27FF-6198-2819CC6593EF;185;1492;FALSE
73567AA5-A608-7B3B-0C5A-D348487540AE;90;1496;FALSE
D37F602A-8C5A-4A96-517B-7E6D93A09FBA;687;1500;FALSE
50DA3685-9AE5-253A-1E77-EF451CD90097;422;1504;FALSE
16D8FF17-A62A-A796-1ADB-2881494E2315;989;1508;FALSE
E1C9B8AF-08A7-7698-A77F-AF7BB03CA683;995;1512;FALSE
DA9C386D-5185-4C65-9832-EB08E33A01FA;486;1516;FALSE
467EC566-8B96-7118-6C8B-5FE8C59C7BCC;836;1520;FALSE
B91594DC-9581-8441-329E-FF6764F58484;547;1524;FALSE
00C7DFF1-8D11-8AE6-A7BB-218508DD24A0;885;1528;FALSE
C8DF0473-9406-4632-7C5D-8360CAF780D7;1022;1532;FALSE
9F4BFB3F-16CC-8667-882C-99ECF2CA702E;422;1536;FALSE
3EFE2AF4-691B-2B8B-6277-8B50D25732CF;737;1540;FALSE
E364E42C-9A6A-21E3-99F1-98FB6A3FA634;606;1544;FALSE
4CDCFC3A-0666-1EE7-05BF-8658F6F92444;882;1548;FALSE
629BA756-42AE-785F-58BE-C73122F321D7;129;1552;FALSE
71AB8591-810C-3FAF-3AEC-60526E287881;451;1556;FALSE
659732F1-8DD8-84F5-0241-C035125602FE;668;1560;FALSE
787AC051-24B6-0D81-805B-9D26E7AB57A1;172;1564;FALSE
42F72868-6FBD-77AE-4600-7A957B6A6251;595;1568;FALSE
97130B6C-3F80-7294-335C-DBC42BDA9F8A;973;1572;FALSE
F6B27D09-7E0C-1593-9F8F-B96E57645D66;184;1576;FALSE
04262CE1-85A4-2099-2A7F-22FE49BD93E7;57;1580;FALSE
C180D51C-35DA-5AA0-103F-CF1F1B781CD5;745;1584;FALSE
14A1FB5E-6F17-9A89-64E0-8BA3A7369FEB;1024;1588;FALSE
9E52622B-5A61-5F99-0E1D-92AC39FF1278;368;1592;FALSE
E55EA976-6675-12F4-6697-66A596341C59;285;1596;FALSE
F039984E-A14D-657B-67A5-B84728896C72;874;1600;FALSE
01A1DACC-0BE1-7FE4-72D7-5E2604D591EB;91;1604;FALSE
C5807BBA-89F9-4340-32CF-F7AC27DF0DFC;899;1608;FALSE
2B5508F2-25A8-423F-0822-77947C7D539F;746;1612;FALSE
AF6FA69B-6762-7276-7A5F-F151454A0C9D;833;1616;FALSE
F9A5FAAF-63D4-54A0-5E27-E84E3BC06B10;172;1620;FALSE
61B12E56-66B3-2296-9183-D8F954B958E2;617;1624;FALSE
97D1BB8D-6373-71D9-987C-7E97B2A33DEA;661;1628;FALSE
41B3BC3E-0542-1A4D-963A-04CBF6D268B4;363;1632;FALSE
16AD29CE-A656-3B5A-3F08-FBDC16C73F25;666;1636;FALSE
D5152199-51C3-402D-5E37-BBB35DAD7DB2;633;1640;FALSE
08BE5343-3F49-7B10-89E9-A8865E412D37;261;1644;FALSE
6F70FC5B-84F5-A045-9A67-90037A7A4E9B;667;1648;FALSE
2F32AA53-2057-0602-8B9A-FEF53FF957BE;85;1652;FALSE
E2FE80E8-5880-1DEA-11F3-9B6940A39E76;971;1656;FALSE
BAD063B5-7876-9995-8C8D-0511718E3DF1;481;1660;FALSE
95E64388-0FAB-92C3-1451-97B7D9B02D97;332;1664;FALSE
3402C4A1-A4B9-0F5E-6472-86D2718946E2;100;1668;FALSE
BCB255E1-002A-1E26-12D8-01D59E6726E4;155;1672;FALSE
DCE808EB-9EC1-7143-75E0-B8CFE11F0F9B;193;1676;FALSE
1CDA59AE-7206-0ABC-6489-A09B95D84A21;699;1680;FALSE
D7566383-7809-22AB-1CAC-687E87C12AF4;467;1684;FALSE
D91A12A4-67D6-4176-02CD-3D30A6984AF8;683;1688;FALSE
41E6F406-8828-22FE-9574-5FCE65A23D6A;954;1692;FALSE
BE9B7BBA-8E45-15ED-45E5-6B13D1536DAA;946;1696;FALSE
1348A73E-8185-0175-0F1C-B60FBBD21114;824;1700;FALSE
C6601FE0-3C29-0686-0A73-2C8060CF667A;113;1704;FALSE
FB9EAF71-0EE1-2508-19CE-993A391B7E75;25;1708;FALSE
273D6216-9C40-4163-3D5E-CE37DB734D9C;950;1712;FALSE
97D13465-9B2B-8E73-1D59-2EF391749BAD;418;1716;FALSE
2828C8D2-A450-0201-9866-3C2828547946;189;1720;FALSE
344202DB-3082-0C42-2D9D-C56C9F44715F;28;1724;FALSE
78091F52-4255-3CE5-7FCB-22F207618AB0;195;1728;FALSE
D632F34D-9D59-5458-23F3-C75D45B700B3;587;1732;FALSE
1888416F-99B9-526A-5205-C0062879668F;199;1736;FALSE
02A0C29F-551F-73FE-7F39-B62DEF461715;639;1740;FALSE
D751E43C-6D98-7D44-04B5-959B8AF36283;122;1744;FALSE
43FAF6E8-96C3-15AC-66CE-8F539FA7A6B3;263;1748;FALSE
D7944D7E-9495-A06C-A753-BC0A36535287;23;1752;FALSE
ECAF61FA-7397-977F-2298-F29EFC9B8E21;478;1756;FALSE
E6999825-4C10-55CE-6833-13FBEEC2593B;165;1760;FALSE
E24A7A1B-38EE-6526-384E-D01B98774C23;843;1764;FALSE
531E01B5-94CC-23D1-9A35-AB72CA3F506D;954;1768;FALSE
F8F6623E-997A-0CFB-1EF0-B9B2BB8349D3;202;1772;FALSE
02A991E1-6FC4-5055-1F4B-34EA5B3511C9;837;1776;FALSE
1FD797B9-1E6F-8328-85D0-F199C9481FAA;124;1780;FALSE
B325657F-50A3-9DCF-A169-98BA6D354E00;731;1784;FALSE
0B47DE49-93AE-6140-556E-FB726F296357;871;1788;FALSE
F342B1E0-842C-76EB-5092-2780908C2D2E;316;1792;FALSE
ABC18CFF-84B0-1E45-2F04-5D435D70518D;607;1796;FALSE
8607B6EF-9EA5-58A6-95FF-010E3B888334;577;1800;FALSE
4943589C-1159-6B42-A172-77BADAC241FB;401;1804;FALSE
88D54DF0-91A6-A355-48DC-94B79ED17AAC;771;1808;FALSE
0F237B93-0082-2B4D-2532-1075BFCBA13A;429;1812;FALSE
E40D52D0-67AA-7F9C-023F-D6AD591006C6;325;1816;FALSE
EDC04B96-9A4F-87DE-17D9-D23253D12734;966;1820;FALSE
180AC058-97C4-5AD7-92B2-5B9EDA62098B;430;1824;FALSE
FD1E8025-76D8-1AE4-607C-00A9B15610BA;98;1828;FALSE
80F7715D-6C57-451E-62F4-F7E730A426ED;282;1832;FALSE
F317F2EB-6305-874A-9709-23549EC760B2;817;1836;FALSE
148DE9A8-6CE0-5B31-9280-4EB1EB6E1E06;930;1840;FALSE
44E8EE34-326A-221E-2496-B2023CC8468C;460;1844;FALSE
DC196E14-785A-6779-3C90-46A6C4A906EE;755;1848;FALSE
435D8AA0-742D-668D-3A55-620678243EFD;734;1852;FALSE
FE17BF5B-9EC8-4BDD-9DC8-C1E36A49A53A;802;1856;FALSE
9370B91A-0A24-797A-645D-6CB4EACB4EB1;857;1860;FALSE
F5503E1E-2CFC-4046-48F0-13BA89905154;372;1864;FALSE
B51BAC9D-4174-4BA0-48B4-064AD2F87C23;467;1868;FALSE
CB405CDB-53A3-4BD8-1D9D-23711E526E00;859;1872;FALSE
3F8B6978-1C49-8F31-11E1-5A5D86E05512;119;1876;FALSE
11EA9D9D-3E21-720A-A2F5-ED786DA35605;277;1880;FALSE
DB18B47D-7A25-38E2-A51F-3C0218E93789;709;1884;FALSE
0468FF60-3005-2264-7F8C-4803A1B00C3E;367;1888;FALSE
BF45F1C4-9AF2-1431-33A8-9C5BCB860977;499;1892;FALSE
E2A0DC49-2DB1-1D55-819E-F8D503500EDB;480;1896;FALSE
20ED0DA5-54FE-310E-926B-6458C23C1B61;181;1900;FALSE
B0359E76-1547-986E-3AAF-119C9DDC827D;530;1904;FALSE
29A6E767-211E-7AA2-3C6D-F740CE06172A;739;1908;FALSE
F6467095-3E64-2565-9390-519764EA602A;541;1912;FALSE
A7CBFC4B-9C17-42F0-92C0-DF9227764909;102;1916;FALSE
FDF19121-A1EA-449B-5677-AC61CC6A43BE;956;1920;FALSE
5ECAB597-43C3-78B7-0F02-5886BE35296F;934;1924;FALSE
21CF49F7-1AFE-2964-6D70-5B1FB62D59EB;489;1928;FALSE
8864A63F-3FD6-36AC-A57F-90C75A8409E6;432;1932;FALSE
5CD90D84-1CC6-2016-68D2-71B19D4E19D9;814;1936;FALSE
16634CB1-9681-1EAC-A3A1-C0D9C6FD810E;440;1940;FALSE
291F7DA8-0DCC-2F3D-706C-E50B49A066A1;368;1944;FALSE
2F4EEF91-10CA-7D8C-2E85-D2D6A0B13F18;293;1948;FALSE
D3033A22-4695-6D27-3033-78A3F0CE70ED;850;1952;FALSE
40229A2C-41FE-5994-5550-F9F324AA14B3;514;1956;FALSE
00B807DC-7E1B-5CE4-9308-578F221C32A0;884;1960;FALSE
76FB81BB-8BA0-9D76-06F2-85871E0E91E2;485;1964;FALSE
81B7FC15-78AF-6620-89C4-439C90CB1A8E;885;1968;FALSE
76C870BB-0A89-50A2-833E-FFF344093FF6;816;1972;FALSE
D076CD75-6E7F-769D-8AF9-20B0B86E7527;488;1976;FALSE
E35853C2-7F4D-A6CD-8D77-0546E7400906;501;1980;FALSE
713CDC6C-6DDF-3AAD-14B1-6CAF7A6E2EF6;337;1984;FALSE
E36EEBC4-68DB-70EE-277A-E6EFB2E702F3;936;1988;FALSE
6346468F-6742-8D11-3F9C-88FF7B392070;930;1992;FALSE
A776DCB3-3306-1430-6E84-A97A7DFC579C;177;1996;FALSE
